[
    {
        "name": "doldung",
        "image": "doldung.jpg",
        "intro": ".11, .11, .11",
        "email": "hasnunf@naver.com"
    },
    {
        "name": "muppy",
        "image": "muppy.jpg",
        "intro": ".22",
        "email": "hasnunf@naver.com"
    },
    {
        "name": "tmxp",
        "image": "tmxp.jpg",
        "intro": ".11, .11, .11",
        "email": "hasnunf@naver.com"
    },
    {
        "name": "fkgnssla",
        "image": "fkgnssla.jpg",
        "intro": ".11, .11, .11",
        "email": "hasnunf@naver.com"
    },
    {
        "name": "YouU",
        "image": "YouU.jpg",
        "intro": ".11, .11, .11",
        "email": "hasnunf@naver.com"
    },
    {
        "name": "kyumq",
        "image": "kyumq.jpg",
        "intro": ".11, .11, .11",
        "email": "hasnunf@naver.com"
    },
    {
        "name": "wanna seo",
        "image": "wanna seo.jpg",
        "intro": "눈빛엔 거대한 desire",
        "email": "wannaseoji@naver.com",
        "followMembers": ["doldung","muppy","tmxp","fkgnssla","kyumq"],
        "me": "true"
    },
    {
        "name": "ssong",
        "image": "ssong.jpg",
        "intro": ".11, .11, .11",
        "email": "hasnunf@naver.com"
    },
    {
        "name": "bugi",
        "image": "bugi.jpg",
        "intro": ".11, .11, .11",
        "email": "hasnunf@naver.com"
    },
    {
        "name": "ssalla",
        "image": "ssalla.jpg",
        "intro": ".11, .11, .11",
        "email": "hasnunf@naver.com"
    },
    {
        "name": "sseo",
        "image": "sseo.jpg",
        "intro": ".11, .11, .11",
        "email": "hasnunf@naver.com"
    }
]