[
    {
        "index": 1,
        "id": "wanna seo",
        "category": "Study🔥",
        "title": "웹프웤 TaskList 수정하기",
        "date": "2022-11-01",
        "hour": "13",
        "minute": "00",
        "check": true
    },
    {
        "index": 2,
        "id": "wanna seo",
        "category": "Study🔥",
        "title": "고모프 1번째 강의 듣기",
        "date": "2022-11-02",
        "hour": "12",
        "minute": "30",
        "check": false
    },
    {
        "index": 3,
        "id": "wanna seo",
        "category": "Study🔥",
        "title": "데베설 ppt 만들기",
        "date": "2022-11-03",
        "hour": "10",
        "minute": "30",
        "check": true
    },
    {
        "index": 4,
        "id": "wanna seo",
        "category": "Study🔥",
        "title": "데베설 ppt 발표 준비",
        "date": "2022-11-04",
        "hour": "17",
        "minute": "45",
        "check": false
    },
    {
        "index": 5,
        "id": "wanna seo",
        "category": "Study🔥",
        "title": "네프 10주차 강의 듣기",
        "date": "2022-11-05",
        "hour": "10",
        "minute": "00",
        "check": true
    },
    {
        "index": 6,
        "id": "wanna seo",
        "category": "Study🔥",
        "title": "네프 과제하기",
        "date": "2022-11-06",
        "hour": "20",
        "minute": "30",
        "check": false
    },
    {
        "index": 7,
        "id": "wanna seo",
        "category": "Study🔥",
        "title": "웹프웤 과제하고 제출하기",
        "date": "2022-11-07",
        "hour": "23",
        "minute": "00",
        "check": true
    },
    {
        "index": 8,
        "id": "wanna seo",
        "category": "Study🔥",
        "title": "시프 복습하기",
        "date": "2022-11-08",
        "hour": "15",
        "minute": "15",
        "check": true
    },
    {
        "index": 9,
        "id": "wanna seo",
        "category": "Study🔥",
        "title": "시프 과제하기",
        "date": "2022-11-09",
        "hour": "09",
        "minute": "00",
        "check": false
    },
    {
        "index": 10,
        "id": "wanna seo",
        "category": "Study🔥",
        "title": "시프 과제 공유하기",
        "date": "2022-11-10",
        "hour": "23",
        "minute": "30",
        "check": true
    },
    {
        "index": 11,
        "id": "wanna seo",
        "category": "Study🔥",
        "title": "설패 퀴즈 준비하기",
        "date": "2022-11-11",
        "hour": "23",
        "minute": "30",
        "check": true
    },
    {
        "index": 12,
        "id": "wanna seo",
        "category": "Study🔥",
        "title": "설패 퀴즈 보기",
        "date": "2022-11-12",
        "hour": "10",
        "minute": "30",
        "check": false
    },
    {
        "index": 13,
        "id": "wanna seo",
        "category": "Study🔥",
        "title": "한성이랑 가상 현실 공부하기",
        "date": "2022-11-13",
        "hour": "16",
        "minute": "30",
        "check": false
    },
    {
        "index": 14,
        "id": "wanna seo",
        "category": "Study🔥",
        "title": "쌀라랑 튜터링하기",
        "date": "2022-11-14",
        "hour": "16",
        "minute": "30",
        "check": true
    },
    {
        "index": 15,
        "id": "wanna seo",
        "category": "Study🔥",
        "title": "웹프웤 3주차 강의 다시 듣기",
        "date": "2022-11-15",
        "hour": "10",
        "minute": "30",
        "check": false
    },
    {
        "index": 16,
        "id": "wanna seo",
        "category": "Study🔥",
        "title": "웹프웤 과제 질문하기",
        "date": "2022-11-16",
        "hour": "20",
        "minute": "30",
        "check": true
    },
    {
        "index": 17,
        "id": "wanna seo",
        "category": "Study🔥",
        "title": "고모프 프로젝트 만들기",
        "date": "2022-11-17",
        "hour": "22",
        "minute": "10",
        "check": false
    },
    {
        "index": 18,
        "id": "wanna seo",
        "category": "Study🔥",
        "title": "고모프 github 만들기",
        "date": "2022-11-19",
        "hour": "22",
        "minute": "13",
        "check": true
    },
    {
        "index": 19,
        "id": "wanna seo",
        "category": "Study🔥",
        "title": "은서랑 공부로 내기 걸기",
        "date": "2022-11-20",
        "hour": "none",
        "minute": "none",
        "check": true
    },
    {
        "index": 20,
        "id": "wanna seo",
        "category": "Study🔥",
        "title": "중간고사 일정짜기",
        "date": "2022-11-21",
        "hour": "none",
        "minute": "none",
        "check": true
    },
    {
        "index": 21,
        "id": "wanna seo",
        "category": "Study🔥",
        "title": "데베설 엔티티 공부하기",
        "date": "2022-11-22",
        "hour": "13",
        "minute": "30",
        "check": false
    },
    {
        "index": 22,
        "id": "wanna seo",
        "category": "Study🔥",
        "title": "고모프 안드로이드 스튜디오 업데이트하기",
        "date": "2022-11-23",
        "hour": "10",
        "minute": "30",
        "check": true
    },
    {
        "index": 23,
        "id": "wanna seo",
        "category": "Study🔥",
        "title": "네프 map 만들기",
        "date": "2022-11-24",
        "hour": "23",
        "minute": "30",
        "check": false
    },
    {
        "index": 24,
        "id": "wanna seo",
        "category": "Study🔥",
        "title": "고모프 회원가입 유효성 검사하기",
        "date": "2022-11-25",
        "hour": "12",
        "minute": "30",
        "check": false
    },
    {
        "index": 25,
        "id": "wanna seo",
        "category": "Study🔥",
        "title": "데베설 업무분석서 준비하기",
        "date": "2022-11-26",
        "hour": "16",
        "minute": "00",
        "check": true
    },
    {
        "index": 26,
        "id": "wanna seo",
        "category": "Study🔥",
        "title": "가상현실 한성이랑 회의하기",
        "date": "2022-11-27",
        "hour": "17",
        "minute": "30",
        "check": true
    },
    {
        "index": 27,
        "id": "wanna seo",
        "category": "Study🔥",
        "title": "고모프 Realtime 연결하기",
        "date": "2022-11-28",
        "hour": "15",
        "minute": "15",
        "check": true
    },
    {
        "index": 28,
        "id": "wanna seo",
        "category": "Study🔥",
        "title": "웹프웤 밤새기",
        "date": "2022-11-29",
        "hour": "21",
        "minute": "30",
        "check": false
    },
    {
        "index": 29,
        "id": "wanna seo",
        "category": "Friend💖",
        "title": "장훈이랑 놀기",
        "date": "2022-11-01",
        "hour": "10",
        "minute": "30",
        "check": true
    },
    {
        "index": 30,
        "id": "wanna seo",
        "category": "Friend💖",
        "title": "한성이랑 식사약속",
        "date": "2022-11-02",
        "hour": "10",
        "minute": "30",
        "check": false
    },
    {
        "index": 31,
        "id": "wanna seo",
        "category": "Friend💖",
        "title": "쌀라랑 한성이랑 술먹기",
        "date": "2022-11-02",
        "hour": "19",
        "minute": "00",
        "check": true
    },
    {
        "index": 32,
        "id": "wanna seo",
        "category": "Friend💖",
        "title": "쌀라랑 한성이랑 술먹기",
        "date": "2022-11-04",
        "hour": "22",
        "minute": "30",
        "check": true
    },
    {
        "index": 33,
        "id": "wanna seo",
        "category": "Friend💖",
        "title": "성수동 카페가기 with 은서",
        "date": "2022-11-06",
        "hour": "10",
        "minute": "30",
        "check": true
    },
    {
        "index": 34,
        "id": "wanna seo",
        "category": "Friend💖",
        "title": "장훈이랑 놀기",
        "date": "2022-11-06",
        "hour": "16",
        "minute": "00",
        "check": false
    },
    {
        "index": 35,
        "id": "wanna seo",
        "category": "Friend💖",
        "title": "영화보기 with 한성,쌀라",
        "date": "2022-11-07",
        "hour": "10",
        "minute": "30",
        "check": true
    },
    {
        "index": 36,
        "id": "wanna seo",
        "category": "Friend💖",
        "title": "보드게임 카페가기 ",
        "date": "2022-11-07",
        "hour": "17",
        "minute": "20",
        "check": false
    },
    {
        "index": 37,
        "id": "wanna seo",
        "category": "Friend💖",
        "title": "파티룸 가서 놀기 with 쌀라, 경미, 장훈, 은서,현아",
        "date": "2022-11-11",
        "hour": "10",
        "minute": "30",
        "check": true
    },
    {
        "index": 38,
        "id": "wanna seo",
        "category": "Friend💖",
        "title": "은서랑 운전면허 따기",
        "date": "2022-11-13",
        "hour": "10",
        "minute": "30",
        "check": true
    },
    {
        "index": 39,
        "id": "wanna seo",
        "category": "Friend💖",
        "title": "한성이랑 쇼핑가기",
        "date": "2022-11-13",
        "hour": "14",
        "minute": "30",
        "check": false
    },
    {
        "index": 40,
        "id": "wanna seo",
        "category": "Friend💖",
        "title": "형민이랑 놀러가기",
        "date": "2022-11-14",
        "hour": "10",
        "minute": "30",
        "check": true
    },
    {
        "index": 41,
        "id": "wanna seo",
        "category": "Friend💖",
        "title": "롯데리아 가기",
        "date": "2022-11-25",
        "hour": "10",
        "minute": "30",
        "check": true
    },
    {
        "index": 42,
        "id": "wanna seo",
        "category": "Friend💖",
        "title": "장훈이랑 놀기",
        "date": "2022-11-22",
        "hour": "10",
        "minute": "30",
        "check": false
    },
    {
        "index": 43,
        "id": "wanna seo",
        "category": "Friend💖",
        "title": "장훈이랑 놀기",
        "date": "2022-11-21",
        "hour": "10",
        "minute": "30",
        "check": true
    },
    {
        "index": 44,
        "id": "wanna seo",
        "category": "Friend💖",
        "title": "장훈이랑 놀기",
        "date": "2022-11-19",
        "hour": "16",
        "minute": "30",
        "check": true
    },
    {
        "index": 45,
        "id": "wanna seo",
        "category": "Friend💖",
        "title": "장훈이랑 놀기",
        "date": "2022-11-18",
        "hour": "10",
        "minute": "30",
        "check": true
    },
    {
        "index": 46,
        "id": "wanna seo",
        "category": "Friend💖",
        "title": "장훈이랑 놀기",
        "date": "2022-11-17",
        "hour": "10",
        "minute": "30",
        "check": false
    },
    {
        "index": 47,
        "id": "wanna seo",
        "category": "Company🏢",
        "title": "오류_사용자 링크 기입 에러",
        "date": "2022-11-01",
        "hour": "none",
        "minute": "none",
        "check": true
    },
    {
        "index": 48,
        "id": "wanna seo",
        "category": "Company🏢",
        "title": "오류_재시작 시간 줄이기",
        "date": "2022-11-27",
        "hour": "none",
        "minute": "none",
        "check": true
    },
    {
        "index": 49,
        "id": "wanna seo",
        "category": "Company🏢",
        "title": "금요일 베타 배포 일정 잡기",
        "date": "2022-11-02",
        "hour": "16",
        "minute": "00",
        "check": false
    },
    {
        "index": 50,
        "id": "wanna seo",
        "category": "Company🏢",
        "title": "업데이트_조건 맞는 링크 찾기",
        "date": "2022-11-04",
        "hour": "none",
        "minute": "none",
        "check": true
    },
    {
        "index": 51,
        "id": "wanna seo",
        "category": "Company🏢",
        "title": "beta_원격 수정",
        "date": "2022-11-04",
        "hour": "14",
        "minute": "00",
        "check": false
    },
    {
        "index": 52,
        "id": "wanna seo",
        "category": "Company🏢",
        "title": "대금 지불",
        "date": "2022-11-04",
        "hour": "10",
        "minute": "00",
        "check": true
    },
    {
        "index": 53,
        "id": "wanna seo",
        "category": "Company🏢",
        "title": "가상 컴퓨터 사양 확인",
        "date": "2022-11-05",
        "hour": "15",
        "minute": "30",
        "check": true
    },
    {
        "index": 54,
        "id": "wanna seo",
        "category": "Company🏢",
        "title": "업데이트_계정 엑셀에 직접 작성",
        "date": "2022-11-10",
        "hour": "none",
        "minute": "none",
        "check": false
    },
    {
        "index": 55,
        "id": "wanna seo",
        "category": "Company🏢",
        "title": "문의_코드 요청",
        "date": "2022-11-11",
        "hour": "14",
        "minute": "30",
        "check": true
    },
    {
        "index": 56,
        "id": "wanna seo",
        "category": "Company🏢",
        "title": "테스트 연락",
        "date": "2022-11-12",
        "hour": "14",
        "minute": "30",
        "check": false
    },
    {
        "index": 57,
        "id": "wanna seo",
        "category": "Company🏢",
        "title": "수정_바둑판 배열",
        "date": "2022-11-18",
        "hour": "none",
        "minute": "none",
        "check": true
    },
    {
        "index": 58,
        "id": "wanna seo",
        "category": "Company🏢",
        "title": "대금 지불",
        "date": "2022-11-18",
        "hour": "none",
        "minute": "none",
        "check": true
    },
    {
        "index": 59,
        "id": "wanna seo",
        "category": "Company🏢",
        "title": "구글 시트 api 확인",
        "date": "2022-11-21",
        "hour": "15",
        "minute": "00",
        "check": false
    },
    {
        "index": 60,
        "id": "wanna seo",
        "category": "Company🏢",
        "title": "미팅",
        "date": "2022-11-22",
        "hour": "16",
        "minute": "00",
        "check": true
    },
    {
        "index": 61,
        "id": "wanna seo",
        "category": "Company🏢",
        "title": "대금 지불",
        "date": "2022-11-24",
        "hour": "none",
        "minute": "none",
        "check": true
    },
    {
        "index": 62,
        "id": "wanna seo",
        "category": "Company🏢",
        "title": "에러_적용 버튼 비활성화 케이스 나누기",
        "date": "2022-11-28",
        "hour": "19",
        "minute": "00",
        "check": false
    },
    {
        "index": 63,
        "id": "wanna seo",
        "category": "Company🏢",
        "title": "원격 요청",
        "date": "2022-11-30",
        "hour": "11",
        "minute": "30",
        "check": false
    },
    {
        "index": 64,
        "id": "wanna seo",
        "category": "Exercise⚽",
        "title": "벤치 프레스 120*10",
        "date": "2022-11-01",
        "hour": "22",
        "minute": "30",
        "check": false
    },
    {
        "index": 65,
        "id": "wanna seo",
        "category": "Exercise⚽",
        "title": "파워프레스 220*5",
        "date": "2022-11-03",
        "hour": "12",
        "minute": "30",
        "check": false
    },
    {
        "index": 66,
        "id": "wanna seo",
        "category": "Exercise⚽",
        "title": "스쿼트 120*5",
        "date": "2022-11-03",
        "hour": "22",
        "minute": "30",
        "check": true
    },
    {
        "index": 67,
        "id": "wanna seo",
        "category": "Exercise⚽",
        "title": "렛풀다운 55*4*10",
        "date": "2022-11-05",
        "hour": "20",
        "minute": "30",
        "check": true
    },
    {
        "index": 68,
        "id": "wanna seo",
        "category": "Exercise⚽",
        "title": "턱걸이 20*5*10",
        "date": "2022-11-05",
        "hour": "20",
        "minute": "30",
        "check": true
    },
    {
        "index": 69,
        "id": "wanna seo",
        "category": "Exercise⚽",
        "title": "벤치 프레스 120*10",
        "date": "2022-11-06",
        "hour": "23",
        "minute": "30",
        "check": true
    },
    {
        "index": 70,
        "id": "wanna seo",
        "category": "Exercise⚽",
        "title": "스쿼트 120*5",
        "date": "2022-11-07",
        "hour": "7",
        "minute": "30",
        "check": true
    },
    {
        "index": 71,
        "id": "wanna seo",
        "category": "Exercise⚽",
        "title": "T바 로우 50*10*5",
        "date": "2022-11-08",
        "hour": "15",
        "minute": "30",
        "check": true
    },
    {
        "index": 72,
        "id": "wanna seo",
        "category": "Exercise⚽",
        "title": "덤벨로우 20*10*5",
        "date": "2022-11-08",
        "hour": "19",
        "minute": "00",
        "check": true
    },
    {
        "index": 73,
        "id": "wanna seo",
        "category": "Exercise⚽",
        "title": "벤치 프레스 125*10",
        "date": "2022-11-09",
        "hour": "22",
        "minute": "30",
        "check": true
    },
    {
        "index": 74,
        "id": "wanna seo",
        "category": "Exercise⚽",
        "title": "스쿼트 120*5",
        "date": "2022-11-10",
        "hour": "13",
        "minute": "00",
        "check": true
    },
    {
        "index": 75,
        "id": "wanna seo",
        "category": "Exercise⚽",
        "title": "파워프레스 220*5",
        "date": "2022-11-12",
        "hour": "22",
        "minute": "00",
        "check": true
    },
    {
        "index": 76,
        "id": "wanna seo",
        "category": "Exercise⚽",
        "title": "렛풀다운 55*10*5 ",
        "date": "2022-11-13",
        "hour": "22",
        "minute": "00",
        "check": true
    },
    {
        "index": 77,
        "id": "wanna seo",
        "category": "Exercise⚽",
        "title": "벤치 프레스 120*10",
        "date": "2022-11-14",
        "hour": "22",
        "minute": "00",
        "check": true
    },
    {
        "index": 78,
        "id": "wanna seo",
        "category": "Exercise⚽",
        "title": "스쿼트 120*5",
        "date": "2022-11-15",
        "hour": "19",
        "minute": "30",
        "check": true
    },
    {
        "index": 79,
        "id": "wanna seo",
        "category": "Exercise⚽",
        "title": "레그익스텐션 50*10*5 ",
        "date": "2022-11-15",
        "hour": "20",
        "minute": "00",
        "check": true
    },
    {
        "index": 80,
        "id": "wanna seo",
        "category": "Exercise⚽",
        "title": "렛풀다운 55*10*5 ",
        "date": "2022-11-16",
        "hour": "8",
        "minute": "30",
        "check": true
    },
    {
        "index": 81,
        "id": "wanna seo",
        "category": "Exercise⚽",
        "title": "스쿼트 120*5",
        "date": "2022-11-24",
        "hour": "7",
        "minute": "30",
        "check": true
    },
    {
        "index": 82,
        "id": "wanna seo",
        "category": "Exercise⚽",
        "title": "레그익스텐션 50*10*5 ",
        "date": "2022-11-24",
        "hour": "7",
        "minute": "30",
        "check": true
    },
    {
        "index": 83,
        "id": "wanna seo",
        "category": "Exercise⚽",
        "title": "T바 로우 50*10*5",
        "date": "2022-11-25",
        "hour": "19",
        "minute": "15",
        "check": true
    },
    {
        "index": 84,
        "id": "wanna seo",
        "category": "Exercise⚽",
        "title": "인클라인 벤치프레스 50*10 ",
        "date": "2022-11-26",
        "hour": "18",
        "minute": "00",
        "check": true
    },
    {
        "index": 85,
        "id": "wanna seo",
        "category": "Exercise⚽",
        "title": "스쿼트 120*5",
        "date": "2022-11-29",
        "hour": "07",
        "minute": "30",
        "check": true
    },
    {
        "index": 86,
        "id": "wanna seo",
        "category": "Exercise⚽",
        "title": "레그익스텐션 50*10*5 ",
        "date": "2022-11-29",
        "hour": "8",
        "minute": "00",
        "check": true
    },
    {
        "index": 87,
        "id": "wanna seo",
        "category": "Exercise⚽",
        "title": "렛풀다운 55*10*5 ",
        "date": "2022-11-30",
        "hour": "18",
        "minute": "30",
        "check": true
    },
    {
        "index": 88,
        "id": "wanna seo",
        "category": "Exercise⚽",
        "title": "턱걸이",
        "date": "2022-11-30",
        "hour": "19",
        "minute": "0",
        "check": true
    },
    {
        "index": 94,
        "id": "wanna seo",
        "category": "Study🔥",
        "title": "웹프웤 TaskList 수정하기",
        "date": "2022-10-01",
        "hour": "13",
        "minute": "00",
        "check": true
    },
    {
        "index": 95,
        "id": "wanna seo",
        "category": "Study🔥",
        "title": "고모프 1번째 강의 듣기",
        "date": "2022-10-02",
        "hour": "12",
        "minute": "30",
        "check": false
    },
    {
        "index": 96,
        "id": "wanna seo",
        "category": "Study🔥",
        "title": "데베설 ppt 만들기",
        "date": "2022-10-03",
        "hour": "10",
        "minute": "30",
        "check": true
    },
    {
        "index": 97,
        "id": "wanna seo",
        "category": "Study🔥",
        "title": "데베설 ppt 발표 준비",
        "date": "2022-10-04",
        "hour": "17",
        "minute": "45",
        "check": true
    },
    {
        "index": 98,
        "id": "wanna seo",
        "category": "Study🔥",
        "title": "네프 10주차 강의 듣기",
        "date": "2022-10-05",
        "hour": "10",
        "minute": "00",
        "check": true
    },
    {
        "index": 99,
        "id": "wanna seo",
        "category": "Study🔥",
        "title": "네프 과제하기",
        "date": "2022-10-06",
        "hour": "20",
        "minute": "30",
        "check": false
    },
    {
        "index": 100,
        "id": "wanna seo",
        "category": "Study🔥",
        "title": "웹프웤 과제하고 제출하기",
        "date": "2022-10-07",
        "hour": "23",
        "minute": "00",
        "check": true
    },
    {
        "index": 101,
        "id": "wanna seo",
        "category": "Study🔥",
        "title": "시프 복습하기",
        "date": "2022-10-08",
        "hour": "15",
        "minute": "15",
        "check": true
    },
    {
        "index": 102,
        "id": "wanna seo",
        "category": "Study🔥",
        "title": "시프 과제하기",
        "date": "2022-10-09",
        "hour": "09",
        "minute": "00",
        "check": false
    },
    {
        "index": 103,
        "id": "wanna seo",
        "category": "Study🔥",
        "title": "시프 과제 공유하기",
        "date": "2022-10-10",
        "hour": "23",
        "minute": "30",
        "check": true
    },
    {
        "index": 104,
        "id": "wanna seo",
        "category": "Study🔥",
        "title": "설패 퀴즈 준비하기",
        "date": "2022-10-11",
        "hour": "23",
        "minute": "30",
        "check": true
    },
    {
        "index": 105,
        "id": "wanna seo",
        "category": "Study🔥",
        "title": "설패 퀴즈 보기",
        "date": "2022-10-12",
        "hour": "10",
        "minute": "30",
        "check": true
    },
    {
        "index": 106,
        "id": "wanna seo",
        "category": "Study🔥",
        "title": "한성이랑 가상 현실 공부하기",
        "date": "2022-10-13",
        "hour": "16",
        "minute": "30",
        "check": true
    },
    {
        "index": 107,
        "id": "wanna seo",
        "category": "Study🔥",
        "title": "쌀라랑 튜터링하기",
        "date": "2022-10-14",
        "hour": "16",
        "minute": "30",
        "check": false
    },
    {
        "index": 108,
        "id": "wanna seo",
        "category": "Study🔥",
        "title": "웹프웤 3주차 강의 다시 듣기",
        "date": "2022-10-15",
        "hour": "10",
        "minute": "30",
        "check": true
    },
    {
        "index": 109,
        "id": "wanna seo",
        "category": "Study🔥",
        "title": "웹프웤 과제 질문하기",
        "date": "2022-10-16",
        "hour": "20",
        "minute": "30",
        "check": false
    },
    {
        "index": 110,
        "id": "wanna seo",
        "category": "Study🔥",
        "title": "고모프 프로젝트 만들기",
        "date": "2022-10-17",
        "hour": "22",
        "minute": "10",
        "check": true
    },
    {
        "index": 111,
        "id": "wanna seo",
        "category": "Study🔥",
        "title": "고모프 github 만들기",
        "date": "2022-10-19",
        "hour": "22",
        "minute": "13",
        "check": true
    },
    {
        "index": 112,
        "id": "wanna seo",
        "category": "Study🔥",
        "title": "은서랑 공부로 내기 걸기",
        "date": "2022-10-20",
        "hour": "none",
        "minute": "none",
        "check": false
    },
    {
        "index": 113,
        "id": "wanna seo",
        "category": "Study🔥",
        "title": "중간고사 일정짜기",
        "date": "2022-10-21",
        "hour": "none",
        "minute": "none",
        "check": false
    },
    {
        "index": 114,
        "id": "wanna seo",
        "category": "Study🔥",
        "title": "데베설 엔티티 공부하기",
        "date": "2022-10-22",
        "hour": "13",
        "minute": "30",
        "check": true
    },
    {
        "index": 115,
        "id": "wanna seo",
        "category": "Study🔥",
        "title": "고모프 안드로이드 스튜디오 업데이트하기",
        "date": "2022-10-23",
        "hour": "10",
        "minute": "30",
        "check": true
    },
    {
        "index": 116,
        "id": "wanna seo",
        "category": "Study🔥",
        "title": "네프 map 만들기",
        "date": "2022-10-24",
        "hour": "23",
        "minute": "30",
        "check": true
    },
    {
        "index": 117,
        "id": "wanna seo",
        "category": "Study🔥",
        "title": "고모프 회원가입 유효성 검사하기",
        "date": "2022-10-25",
        "hour": "12",
        "minute": "30",
        "check": false
    },
    {
        "index": 118,
        "id": "wanna seo",
        "category": "Study🔥",
        "title": "데베설 업무분석서 준비하기",
        "date": "2022-10-26",
        "hour": "10",
        "minute": "30",
        "check": true
    },
    {
        "index": 119,
        "id": "wanna seo",
        "category": "Study🔥",
        "title": "가상현실 한성이랑 회의하기",
        "date": "2022-10-27",
        "hour": "17",
        "minute": "30",
        "check": true
    },
    {
        "index": 120,
        "id": "wanna seo",
        "category": "Study🔥",
        "title": "고모프 Realtime 연결하기",
        "date": "2022-10-28",
        "hour": "15",
        "minute": "15",
        "check": false
    },
    {
        "index": 121,
        "id": "wanna seo",
        "category": "Study🔥",
        "title": "웹프웤 밤새기",
        "date": "2022-10-29",
        "hour": "21",
        "minute": "30",
        "check": true
    },
    {
        "index": 122,
        "id": "wanna seo",
        "category": "Study🔥",
        "title": "웹프웤 점검하기",
        "date": "2022-10-30",
        "hour": "21",
        "minute": "30",
        "check": true
    },
    {
        "index": 123,
        "id": "wanna seo",
        "category": "Friend💖",
        "title": "장훈이랑 놀기",
        "date": "2022-10-01",
        "hour": "10",
        "minute": "30",
        "check": true
    },
    {
        "index": 124,
        "id": "wanna seo",
        "category": "Friend💖",
        "title": "한성이랑 식사약속",
        "date": "2022-10-02",
        "hour": "10",
        "minute": "30",
        "check": true
    },
    {
        "index": 125,
        "id": "wanna seo",
        "category": "Friend💖",
        "title": "쌀라랑 한성이랑 술먹기",
        "date": "2022-10-02",
        "hour": "10",
        "minute": "30",
        "check": false
    },
    {
        "index": 126,
        "id": "wanna seo",
        "category": "Friend💖",
        "title": "쌀라랑 한성이랑 술먹기",
        "date": "2022-10-04",
        "hour": "10",
        "minute": "30",
        "check": true
    },
    {
        "index": 127,
        "id": "wanna seo",
        "category": "Friend💖",
        "title": "성수동 카페가기 with 은서",
        "date": "2022-10-06",
        "hour": "10",
        "minute": "30",
        "check": true
    },
    {
        "index": 128,
        "id": "wanna seo",
        "category": "Friend💖",
        "title": "장훈이랑 놀기",
        "date": "2022-10-06",
        "hour": "10",
        "minute": "30",
        "check": true
    },
    {
        "index": 129,
        "id": "wanna seo",
        "category": "Friend💖",
        "title": "영화보기 with 한성,쌀라",
        "date": "2022-10-07",
        "hour": "10",
        "minute": "30",
        "check": false
    },
    {
        "index": 130,
        "id": "wanna seo",
        "category": "Friend💖",
        "title": "보드게임 카페가기 ",
        "date": "2022-10-07",
        "hour": "10",
        "minute": "30",
        "check": true
    },
    {
        "index": 131,
        "id": "wanna seo",
        "category": "Friend💖",
        "title": "파티룸 가서 놀기 with 쌀라, 경미, 장훈, 은서,현아",
        "date": "2022-10-11",
        "hour": "10",
        "minute": "30",
        "check": true
    },
    {
        "index": 132,
        "id": "wanna seo",
        "category": "Friend💖",
        "title": "은서랑 운전면허 따기 >> 떨어짐 ..",
        "date": "2022-10-13",
        "hour": "10",
        "minute": "30",
        "check": true
    },
    {
        "index": 133,
        "id": "wanna seo",
        "category": "Friend💖",
        "title": "한성이랑 쇼핑가기",
        "date": "2022-10-13",
        "hour": "10",
        "minute": "30",
        "check": true
    },
    {
        "index": 134,
        "id": "wanna seo",
        "category": "Friend💖",
        "title": "형민이랑 놀러가기",
        "date": "2022-10-14",
        "hour": "10",
        "minute": "30",
        "check": true
    },
    {
        "index": 135,
        "id": "wanna seo",
        "category": "Friend💖",
        "title": "롯데리아 가기",
        "date": "2022-10-25",
        "hour": "10",
        "minute": "30",
        "check": false
    },
    {
        "index": 136,
        "id": "wanna seo",
        "category": "Friend💖",
        "title": "장훈이랑 놀기",
        "date": "2022-10-22",
        "hour": "10",
        "minute": "30",
        "check": true
    },
    {
        "index": 137,
        "id": "wanna seo",
        "category": "Friend💖",
        "title": "장훈이랑 놀기",
        "date": "2022-10-21",
        "hour": "10",
        "minute": "30",
        "check": false
    },
    {
        "index": 138,
        "id": "wanna seo",
        "category": "Friend💖",
        "title": "장훈이랑 놀기",
        "date": "2022-10-19",
        "hour": "10",
        "minute": "30",
        "check": true
    },
    {
        "index": 139,
        "id": "wanna seo",
        "category": "Friend💖",
        "title": "장훈이랑 놀기",
        "date": "2022-10-18",
        "hour": "10",
        "minute": "30",
        "check": true
    },
    {
        "index": 140,
        "id": "wanna seo",
        "category": "Friend💖",
        "title": "장훈이랑 놀기",
        "date": "2022-10-17",
        "hour": "10",
        "minute": "30",
        "check": true
    },
    {
        "index": 141,
        "id": "wanna seo",
        "category": "School🏫",
        "title": "고모프 강의",
        "date": "2022-11-01",
        "hour": "14",
        "minute": "00",
        "check": false
    },
    {
        "index": 142,
        "id": "wanna seo",
        "category": "School🏫",
        "title": "고모프 강의",
        "date": "2022-11-08",
        "hour": "14",
        "minute": "00",
        "check": false
    },
    {
        "index": 143,
        "id": "wanna seo",
        "category": "School🏫",
        "title": "고모프 강의",
        "date": "2022-11-15",
        "hour": "14",
        "minute": "00",
        "check": false
    },
    {
        "index": 144,
        "id": "wanna seo",
        "category": "School🏫",
        "title": "고모프 휴강",
        "date": "2022-11-22",
        "hour": "14",
        "minute": "00",
        "check": false
    },
    {
        "index": 145,
        "id": "wanna seo",
        "category": "School🏫",
        "title": "고모프 강의",
        "date": "2022-11-29",
        "hour": "14",
        "minute": "00",
        "check": false
    },
    {
        "index": 146,
        "id": "wanna seo",
        "category": "School🏫",
        "title": "웹프웤 강의",
        "date": "2022-11-04",
        "hour": "10",
        "minute": "30",
        "check": false
    },
    {
        "index": 147,
        "id": "wanna seo",
        "category": "School🏫",
        "title": "웹프웤 중간고사",
        "date": "2022-11-10",
        "hour": "19",
        "minute": "55",
        "check": false
    },
    {
        "index": 148,
        "id": "wanna seo",
        "category": "School🏫",
        "title": "웹프웤 강의",
        "date": "2022-11-18",
        "hour": "10",
        "minute": "30",
        "check": false
    },
    {
        "index": 149,
        "id": "wanna seo",
        "category": "School🏫",
        "title": "웹프웤 강의",
        "date": "2022-11-26",
        "hour": "10",
        "minute": "30",
        "check": false
    },
    {
        "index": 150,
        "id": "wanna seo",
        "category": "Study🔥",
        "title": "웹프웤 TaskList 수정하기",
        "date": "2022-09-01",
        "hour": "13",
        "minute": "00",
        "check": true
    },
    {
        "index": 151,
        "id": "wanna seo",
        "category": "Study🔥",
        "title": "고모프 1번째 강의 듣기",
        "date": "2022-09-02",
        "hour": "12",
        "minute": "30",
        "check": true
    },
    {
        "index": 152,
        "id": "wanna seo",
        "category": "Study🔥",
        "title": "데베설 ppt 만들기",
        "date": "2022-09-03",
        "hour": "10",
        "minute": "30",
        "check": true
    },
    {
        "index": 153,
        "id": "wanna seo",
        "category": "Study🔥",
        "title": "데베설 ppt 발표 준비",
        "date": "2022-09-04",
        "hour": "17",
        "minute": "45",
        "check": false
    },
    {
        "index": 154,
        "id": "wanna seo",
        "category": "Study🔥",
        "title": "네프 10주차 강의 듣기",
        "date": "2022-09-05",
        "hour": "10",
        "minute": "00",
        "check": true
    },
    {
        "index": 155,
        "id": "wanna seo",
        "category": "Study🔥",
        "title": "네프 과제하기",
        "date": "2022-09-06",
        "hour": "20",
        "minute": "30",
        "check": true
    },
    {
        "index": 156,
        "id": "wanna seo",
        "category": "Study🔥",
        "title": "웹프웤 과제하고 제출하기",
        "date": "2022-09-07",
        "hour": "23",
        "minute": "00",
        "check": true
    },
    {
        "index": 157,
        "id": "wanna seo",
        "category": "Study🔥",
        "title": "시프 복습하기",
        "date": "2022-09-08",
        "hour": "15",
        "minute": "15",
        "check": false
    },
    {
        "index": 158,
        "id": "wanna seo",
        "category": "Study🔥",
        "title": "시프 과제하기",
        "date": "2022-09-09",
        "hour": "09",
        "minute": "00",
        "check": false
    },
    {
        "index": 159,
        "id": "wanna seo",
        "category": "Study🔥",
        "title": "시프 과제 공유하기",
        "date": "2022-09-10",
        "hour": "23",
        "minute": "30",
        "check": true
    },
    {
        "index": 160,
        "id": "wanna seo",
        "category": "Study🔥",
        "title": "설패 퀴즈 준비하기",
        "date": "2022-09-09",
        "hour": "23",
        "minute": "30",
        "check": true
    },
    {
        "index": 161,
        "id": "wanna seo",
        "category": "Study🔥",
        "title": "설패 퀴즈 보기",
        "date": "2022-09-12",
        "hour": "10",
        "minute": "30",
        "check": false
    },
    {
        "index": 162,
        "id": "wanna seo",
        "category": "Study🔥",
        "title": "한성이랑 가상 현실 공부하기",
        "date": "2022-09-13",
        "hour": "16",
        "minute": "30",
        "check": true
    },
    {
        "index": 163,
        "id": "wanna seo",
        "category": "Study🔥",
        "title": "쌀라랑 튜터링하기",
        "date": "2022-09-14",
        "hour": "16",
        "minute": "30",
        "check": true
    },
    {
        "index": 164,
        "id": "wanna seo",
        "category": "Study🔥",
        "title": "웹프웤 3주차 강의 다시 듣기",
        "date": "2022-09-15",
        "hour": "10",
        "minute": "30",
        "check": false
    },
    {
        "index": 165,
        "id": "wanna seo",
        "category": "Study🔥",
        "title": "웹프웤 과제 질문하기",
        "date": "2022-09-16",
        "hour": "20",
        "minute": "30",
        "check": true
    },
    {
        "index": 166,
        "id": "wanna seo",
        "category": "Study🔥",
        "title": "고모프 프로젝트 만들기",
        "date": "2022-09-17",
        "hour": "22",
        "minute": "10",
        "check": true
    },
    {
        "index": 167,
        "id": "wanna seo",
        "category": "Study🔥",
        "title": "고모프 github 만들기",
        "date": "2022-09-19",
        "hour": "22",
        "minute": "13",
        "check": false
    },
    {
        "index": 168,
        "id": "wanna seo",
        "category": "Study🔥",
        "title": "은서랑 공부로 내기 걸기",
        "date": "2022-09-20",
        "hour": "none",
        "minute": "none",
        "check": true
    },
    {
        "index": 169,
        "id": "wanna seo",
        "category": "Study🔥",
        "title": "중간고사 일정짜기",
        "date": "2022-09-21",
        "hour": "none",
        "minute": "none",
        "check": false
    },
    {
        "index": 170,
        "id": "wanna seo",
        "category": "Study🔥",
        "title": "데베설 엔티티 공부하기",
        "date": "2022-09-22",
        "hour": "13",
        "minute": "30",
        "check": true
    },
    {
        "index": 171,
        "id": "wanna seo",
        "category": "Study🔥",
        "title": "고모프 안드로이드 스튜디오 업데이트하기",
        "date": "2022-09-23",
        "hour": "10",
        "minute": "30",
        "check": true
    },
    {
        "index": 172,
        "id": "wanna seo",
        "category": "Study🔥",
        "title": "네프 map 만들기",
        "date": "2022-09-24",
        "hour": "23",
        "minute": "30",
        "check": false
    },
    {
        "index": 173,
        "id": "wanna seo",
        "category": "Study🔥",
        "title": "고모프 회원가입 유효성 검사하기",
        "date": "2022-09-25",
        "hour": "12",
        "minute": "30",
        "check": true
    },
    {
        "index": 174,
        "id": "wanna seo",
        "category": "Study🔥",
        "title": "데베설 업무분석서 준비하기",
        "date": "2022-09-26",
        "hour": "10",
        "minute": "30",
        "check": false
    },
    {
        "index": 175,
        "id": "wanna seo",
        "category": "Study🔥",
        "title": "가상현실 한성이랑 회의하기",
        "date": "2022-09-27",
        "hour": "17",
        "minute": "30",
        "check": true
    },
    {
        "index": 176,
        "id": "wanna seo",
        "category": "Study🔥",
        "title": "고모프 Realtime 연결하기",
        "date": "2022-09-28",
        "hour": "15",
        "minute": "15",
        "check": false
    },
    {
        "index": 177,
        "id": "wanna seo",
        "category": "Study🔥",
        "title": "웹프웤 밤새기",
        "date": "2022-09-29",
        "hour": "21",
        "minute": "30",
        "check": true
    },
    {
        "index": 178,
        "id": "wanna seo",
        "category": "Friend💖",
        "title": "장훈이랑 놀기",
        "date": "2022-09-01",
        "hour": "10",
        "minute": "30",
        "check": true
    },
    {
        "index": 179,
        "id": "wanna seo",
        "category": "Friend💖",
        "title": "한성이랑 식사약속",
        "date": "2022-09-02",
        "hour": "10",
        "minute": "30",
        "check": false
    },
    {
        "index": 180,
        "id": "wanna seo",
        "category": "Friend💖",
        "title": "쌀라랑 한성이랑 술먹기",
        "date": "2022-09-02",
        "hour": "19",
        "minute": "00",
        "check": false
    },
    {
        "index": 181,
        "id": "wanna seo",
        "category": "Friend💖",
        "title": "쌀라랑 한성이랑 술먹기",
        "date": "2022-09-04",
        "hour": "22",
        "minute": "30",
        "check": true
    },
    {
        "index": 182,
        "id": "wanna seo",
        "category": "Friend💖",
        "title": "성수동 카페가기 with 은서",
        "date": "2022-09-06",
        "hour": "10",
        "minute": "30",
        "check": true
    },
    {
        "index": 183,
        "id": "wanna seo",
        "category": "Friend💖",
        "title": "장훈이랑 놀기",
        "date": "2022-09-06",
        "hour": "16",
        "minute": "00",
        "check": false
    },
    {
        "index": 184,
        "id": "wanna seo",
        "category": "Friend💖",
        "title": "영화보기 with 한성,쌀라",
        "date": "2022-09-07",
        "hour": "10",
        "minute": "30",
        "check": true
    },
    {
        "index": 185,
        "id": "wanna seo",
        "category": "Friend💖",
        "title": "보드게임 카페가기 ",
        "date": "2022-09-07",
        "hour": "17",
        "minute": "20",
        "check": true
    },
    {
        "index": 186,
        "id": "wanna seo",
        "category": "Friend💖",
        "title": "파티룸 가서 놀기 with 쌀라, 경미, 장훈, 은서,현아",
        "date": "2022-09-09",
        "hour": "10",
        "minute": "30",
        "check": true
    },
    {
        "index": 187,
        "id": "wanna seo",
        "category": "Friend💖",
        "title": "은서랑 운전면허 따기",
        "date": "2022-09-13",
        "hour": "10",
        "minute": "30",
        "check": false
    },
    {
        "index": 188,
        "id": "wanna seo",
        "category": "Friend💖",
        "title": "한성이랑 쇼핑가기",
        "date": "2022-09-13",
        "hour": "14",
        "minute": "30",
        "check": true
    },
    {
        "index": 189,
        "id": "wanna seo",
        "category": "Friend💖",
        "title": "형민이랑 놀러가기",
        "date": "2022-09-14",
        "hour": "10",
        "minute": "30",
        "check": true
    },
    {
        "index": 190,
        "id": "wanna seo",
        "category": "Friend💖",
        "title": "롯데리아 가기",
        "date": "2022-09-25",
        "hour": "10",
        "minute": "30",
        "check": false
    },
    {
        "index": 191,
        "id": "wanna seo",
        "category": "Friend💖",
        "title": "장훈이랑 놀기",
        "date": "2022-09-22",
        "hour": "10",
        "minute": "30",
        "check": true
    },
    {
        "index": 192,
        "id": "wanna seo",
        "category": "Friend💖",
        "title": "장훈이랑 놀기",
        "date": "2022-09-21",
        "hour": "10",
        "minute": "30",
        "check": true
    },
    {
        "index": 193,
        "id": "wanna seo",
        "category": "Friend💖",
        "title": "장훈이랑 놀기",
        "date": "2022-09-19",
        "hour": "10",
        "minute": "30",
        "check": false
    },
    {
        "index": 194,
        "id": "wanna seo",
        "category": "Friend💖",
        "title": "장훈이랑 놀기",
        "date": "2022-09-18",
        "hour": "10",
        "minute": "30",
        "check": true
    },
    {
        "index": 195,
        "id": "wanna seo",
        "category": "Friend💖",
        "title": "장훈이랑 놀기",
        "date": "2022-09-17",
        "hour": "10",
        "minute": "30",
        "check": true
    },
    {
        "index": 196,
        "id": "wanna seo",
        "category": "Company🏢",
        "title": "오류_사용자 링크 기입 에러",
        "date": "2022-09-01",
        "hour": "none",
        "minute": "none",
        "check": false
    },
    {
        "index": 197,
        "id": "wanna seo",
        "category": "Company🏢",
        "title": "오류_재시작 시간 줄이기",
        "date": "2022-09-27",
        "hour": "none",
        "minute": "none",
        "check": true
    },
    {
        "index": 198,
        "id": "wanna seo",
        "category": "Company🏢",
        "title": "금요일 베타 배포 일정 잡기",
        "date": "2022-09-02",
        "hour": "16",
        "minute": "00",
        "check": true
    },
    {
        "index": 199,
        "id": "wanna seo",
        "category": "Company🏢",
        "title": "업데이트_조건 맞는 링크 찾기",
        "date": "2022-09-04",
        "hour": "none",
        "minute": "none",
        "check": false
    },
    {
        "index": 200,
        "id": "wanna seo",
        "category": "Company🏢",
        "title": "beta_원격 수정",
        "date": "2022-09-04",
        "hour": "14",
        "minute": "00",
        "check": true
    },
    {
        "index": 201,
        "id": "wanna seo",
        "category": "Company🏢",
        "title": "대금 지불",
        "date": "2022-09-04",
        "hour": "10",
        "minute": "00",
        "check": false
    },
    {
        "index": 202,
        "id": "wanna seo",
        "category": "Company🏢",
        "title": "가상 컴퓨터 사양 확인",
        "date": "2022-09-05",
        "hour": "15",
        "minute": "30",
        "check": true
    },
    {
        "index": 203,
        "id": "wanna seo",
        "category": "Company🏢",
        "title": "업데이트_계정 엑셀에 직접 작성",
        "date": "2022-09-10",
        "hour": "none",
        "minute": "none",
        "check": true
    },
    {
        "index": 204,
        "id": "wanna seo",
        "category": "Company🏢",
        "title": "문의_코드 요청",
        "date": "2022-09-09",
        "hour": "14",
        "minute": "30",
        "check": false
    },
    {
        "index": 205,
        "id": "wanna seo",
        "category": "Company🏢",
        "title": "테스트 연락",
        "date": "2022-09-12",
        "hour": "14",
        "minute": "30",
        "check": true
    },
    {
        "index": 206,
        "id": "wanna seo",
        "category": "Company🏢",
        "title": "수정_바둑판 배열",
        "date": "2022-09-18",
        "hour": "none",
        "minute": "none",
        "check": false
    },
    {
        "index": 207,
        "id": "wanna seo",
        "category": "Company🏢",
        "title": "대금 지불",
        "date": "2022-09-18",
        "hour": "none",
        "minute": "none",
        "check": false
    },
    {
        "index": 208,
        "id": "wanna seo",
        "category": "Company🏢",
        "title": "구글 시트 api 확인",
        "date": "2022-09-21",
        "hour": "15",
        "minute": "00",
        "check": false
    },
    {
        "index": 209,
        "id": "wanna seo",
        "category": "Company🏢",
        "title": "미팅",
        "date": "2022-09-22",
        "hour": "16",
        "minute": "00",
        "check": true
    },
    {
        "index": 210,
        "id": "wanna seo",
        "category": "Company🏢",
        "title": "대금 지불",
        "date": "2022-09-24",
        "hour": "none",
        "minute": "none",
        "check": false
    },
    {
        "index": 211,
        "id": "wanna seo",
        "category": "Company🏢",
        "title": "에러_적용 버튼 비활성화 케이스 나누기",
        "date": "2022-09-28",
        "hour": "19",
        "minute": "00",
        "check": false
    },
    {
        "index": 212,
        "id": "wanna seo",
        "category": "Company🏢",
        "title": "원격 요청",
        "date": "2022-09-30",
        "hour": "11",
        "minute": "30",
        "check": true
    },
    {
        "index": 213,
        "id": "wanna seo",
        "category": "Exercise⚽",
        "title": "벤치 프레스 120*10",
        "date": "2022-09-01",
        "hour": "22",
        "minute": "30",
        "check": false
    },
    {
        "index": 214,
        "id": "wanna seo",
        "category": "Exercise⚽",
        "title": "파워프레스 220*5",
        "date": "2022-09-03",
        "hour": "12",
        "minute": "30",
        "check": true
    },
    {
        "index": 215,
        "id": "wanna seo",
        "category": "Exercise⚽",
        "title": "스쿼트 120*5",
        "date": "2022-09-03",
        "hour": "22",
        "minute": "30",
        "check": false
    },
    {
        "index": 216,
        "id": "wanna seo",
        "category": "Exercise⚽",
        "title": "렛풀다운 55*4*10",
        "date": "2022-09-05",
        "hour": "20",
        "minute": "30",
        "check": true
    },
    {
        "index": 217,
        "id": "wanna seo",
        "category": "Exercise⚽",
        "title": "턱걸이 20*5*10",
        "date": "2022-09-05",
        "hour": "20",
        "minute": "30",
        "check": false
    },
    {
        "index": 218,
        "id": "wanna seo",
        "category": "Exercise⚽",
        "title": "벤치 프레스 120*10",
        "date": "2022-09-06",
        "hour": "23",
        "minute": "30",
        "check": true
    },
    {
        "index": 219,
        "id": "wanna seo",
        "category": "Exercise⚽",
        "title": "스쿼트 120*5",
        "date": "2022-09-07",
        "hour": "7",
        "minute": "30",
        "check": false
    },
    {
        "index": 220,
        "id": "wanna seo",
        "category": "Exercise⚽",
        "title": "T바 로우 50*10*5",
        "date": "2022-09-08",
        "hour": "15",
        "minute": "30",
        "check": false
    },
    {
        "index": 221,
        "id": "wanna seo",
        "category": "Exercise⚽",
        "title": "덤벨로우 20*10*5",
        "date": "2022-09-08",
        "hour": "19",
        "minute": "00",
        "check": true
    },
    {
        "index": 222,
        "id": "wanna seo",
        "category": "Exercise⚽",
        "title": "벤치 프레스 125*10",
        "date": "2022-09-09",
        "hour": "22",
        "minute": "30",
        "check": true
    },
    {
        "index": 223,
        "id": "wanna seo",
        "category": "Exercise⚽",
        "title": "스쿼트 120*5",
        "date": "2022-09-10",
        "hour": "13",
        "minute": "00",
        "check": false
    },
    {
        "index": 224,
        "id": "wanna seo",
        "category": "Exercise⚽",
        "title": "파워프레스 220*5",
        "date": "2022-09-12",
        "hour": "22",
        "minute": "00",
        "check": true
    },
    {
        "index": 225,
        "id": "wanna seo",
        "category": "Exercise⚽",
        "title": "렛풀다운 55*10*5 ",
        "date": "2022-09-13",
        "hour": "22",
        "minute": "00",
        "check": false
    },
    {
        "index": 226,
        "id": "wanna seo",
        "category": "Exercise⚽",
        "title": "벤치 프레스 120*10",
        "date": "2022-09-14",
        "hour": "22",
        "minute": "00",
        "check": true
    },
    {
        "index": 227,
        "id": "wanna seo",
        "category": "Exercise⚽",
        "title": "스쿼트 120*5",
        "date": "2022-09-15",
        "hour": "19",
        "minute": "30",
        "check": false
    },
    {
        "index": 228,
        "id": "wanna seo",
        "category": "Exercise⚽",
        "title": "레그익스텐션 50*10*5 ",
        "date": "2022-09-15",
        "hour": "20",
        "minute": "00",
        "check": true
    },
    {
        "index": 229,
        "id": "wanna seo",
        "category": "Exercise⚽",
        "title": "렛풀다운 55*10*5 ",
        "date": "2022-09-16",
        "hour": "8",
        "minute": "30",
        "check": false
    },
    {
        "index": 230,
        "id": "wanna seo",
        "category": "Exercise⚽",
        "title": "스쿼트 120*5",
        "date": "2022-09-24",
        "hour": "7",
        "minute": "30",
        "check": true
    },
    {
        "index": 231,
        "id": "wanna seo",
        "category": "Exercise⚽",
        "title": "레그익스텐션 50*10*5 ",
        "date": "2022-09-24",
        "hour": "7",
        "minute": "30",
        "check": false
    },
    {
        "index": 232,
        "id": "wanna seo",
        "category": "Exercise⚽",
        "title": "T바 로우 50*10*5",
        "date": "2022-09-25",
        "hour": "19",
        "minute": "15",
        "check": false
    },
    {
        "index": 233,
        "id": "wanna seo",
        "category": "Exercise⚽",
        "title": "인클라인 벤치프레스 50*10 ",
        "date": "2022-09-26",
        "hour": "18",
        "minute": "00",
        "check": true
    },
    {
        "index": 234,
        "id": "wanna seo",
        "category": "Exercise⚽",
        "title": "스쿼트 120*5",
        "date": "2022-09-29",
        "hour": "07",
        "minute": "30",
        "check": false
    },
    {
        "index": 235,
        "id": "wanna seo",
        "category": "Exercise⚽",
        "title": "레그익스텐션 50*10*5 ",
        "date": "2022-09-29",
        "hour": "8",
        "minute": "00",
        "check": false
    },
    {
        "index": 236,
        "id": "wanna seo",
        "category": "Exercise⚽",
        "title": "렛풀다운 55*10*5 ",
        "date": "2022-09-30",
        "hour": "18",
        "minute": "30",
        "check": true
    },
    {
        "index": 237,
        "id": "wanna seo",
        "category": "Exercise⚽",
        "title": "턱걸이",
        "date": "2022-09-30",
        "hour": "19",
        "minute": "0",
        "check": false
    }
]