[
        {
        "name": "낙인",
        "memberList": ["wanna seo","muppy","tmxp","doldung"],
        "notice": ["극Rock도 Rock이다", "나Rock도 Rock이다", "오Rock도 Rock이다"],
        "intro": "낙인 팀",
        "image": "teamProfile1.jpg",
        "leader":"wanna seo"
        },
        {
        "name": "광야의 작은 아씨들",
        "memberList": ["wanna seo","muppy","tmxp","kyumq"],
        "notice": ["일선도 전공처럼", "매주 월요일 면담", "발표 준비하기", "보고서 작성"],
        "intro": "광야의 작은 아씨들",
        "image": "teamProfile2.jpg",
        "leader":"wanna seo"
        }
]