[
    {                           
        "name":"낙인",
        "myTask": [             
            {
                "relatedMembers": ["wanna seo", "tmxp"],
                "tasks" : [
                    {
                        "index" : 1,
                        "title":"그리드 틀 구현하기",
                        "date":"2022-11-13",
                        "hour": "10",
                        "minute": "30",
                        "check": false
                    }, 
                    {
                        "index" : 2,
                        "title":"팀 생성 기능 구현하기",
                        "date":"2022-11-13",
                        "hour": "11",
                        "minute": "30",
                        "check": false
                    }
                ]
            },
            {
                "relatedMembers": ["wanna seo", "muppy"],
                "tasks" : [
                    {
                        "index" : 3,
                        "title":"캘린더 기능 구현하기",
                        "date":"2022-11-13",
                        "hour": "10",
                        "minute": "30",
                        "check": false
                    },
                    {
                        "index" : 4,
                        "title":"타임라인 구현하기",
                        "date":"2022-11-13",
                        "hour": "11",
                        "minute": "30",
                        "check": false
                    }
                ]
            }
        ],

        "otherTask": [
            {
                "relatedMembers": ["tmxp", "doldung", "muppy"],
                "tasks" : [
                    {
                        "index" : 5,
                        "title":"카테고리 리스트 구현하기",
                        "date":"2022-11-13",
                        "hour": "10",
                        "minute": "30",
                        "check": false
                    },
                    {
                        "index" : 6,
                        "title":"팀 생성 예외 처리",
                        "date":"2022-11-13",
                        "hour": "11",
                        "minute": "30",
                        "check": false
                    }
                ]
            }
        ]
    },
    {
        "name": "광야의 작은 아씨들",
        "myTask": [
            {
                "relatedMembers": ["wanna seo", "kyumq"],
                "tasks" : [
                    {
                        "index" : 7,
                        "title":"팀 프로필 모달 css 변경",
                        "date":"2022-11-14",
                        "hour": "15",
                        "minute": "30",
                        "check": false
                    },
                    {
                        "index" : 8,
                        "title":"프로필 모달 버튼 텍스트 변경",
                        "date":"2022-11-14",
                        "hour": "10",
                        "minute": "30",
                        "check": false
                    }
                ]
            },
            {
                "relatedMembers": ["wanna seo", "muppy", "tmxp"],
                "tasks" : [
                    {
                        "index" : 9,
                        "title":"팀 생성 버튼 테두리 제거",
                        "date":"2022-11-14",
                        "hour": "12",
                        "minute": "30",
                        "check": false
                    },
                    {
                        "index" : 10,
                        "title":"notice 페이지 수정",
                        "date":"2022-11-14",
                        "hour": "13",
                        "minute": "30",
                        "check": false
                    }
                ]
            }
        ],
        "otherTask": 
        [
            {
                "relatedMembers": ["muppy", "tmxp"],
                "tasks" : [
                    {
                        "index" : 11,
                        "title":"팀 생성 시 teamTaskData 생성",
                        "date":"2022-11-14",
                        "hour": "11",
                        "minute": "30",
                        "check": false
                    },
                    {
                        "index" : 12,
                        "title":"팀 인원 선택 추가",
                        "date":"2022-11-14",
                        "hour": "14",
                        "minute": "30",
                        "check": false
                    }
                ]
            },
            {
                "relatedMembers": ["tmxp", "kyumq"],
                "tasks" : [
                    {
                        "index" : 13,
                        "title":"주차별 라인 그래프 초기",
                        "date":"2022-11-14",
                        "hour": "19",
                        "minute": "30",
                        "check": false
                    },
                    {
                        "index" : 14,
                        "title":"캘린더 날짜 선택에 따른 테스크 변동 구현",
                        "date":"2022-11-14",
                        "hour": "20",
                        "minute": "30",
                        "check": false
                    },
                    {
                        "index" : 15,
                        "title":"naviagate 팀 화면 연결",
                        "date":"2022-11-14",
                        "hour": "21",
                        "minute": "30",
                        "check": false
                    }
                ]
            }
        ]
    }
]


